,Date,Name,Title
0,22/01/19,Andriy Stolyar,Bandersnatch: Netflix interactive movie's strength is in PR buzz
1,16/01/19,Toby  Holleran,Is Netflix on track for strong international but weak domestic Q4 performance?
2,18/12/18,Tony Maroulis,Retail offer gives turbo boost to Amazon Prime Video in newest markets
3,10/12/18,Daniel Gadher,Two companies soon to control one fifth of global content spend
4,5/12/18,Richard Broughton,SportsPro OTT Summit 2018 round-up
5,4/12/18,Orina Zhao,Rapid expansion and even higher growth potential in China’s SVoD market
6,28/11/18,Richard Cooper,Developing theatrical markets to become more dominant
7,21/11/18,Richard Broughton,SVoD and the silver screen
8,9/11/18,Isaq Chowdhury,Viacom to feed rather than fight SVoD services
9,1/11/18,Elinor Clark,High price of Netflix does nothing to dampen Danish SVoD growth
10,31/10/18,Ed Border,Mixed message for advertising future
11,18/12/18,Tony Maroulis,Retail offer gives turbo boost to Amazon Prime Video in newest markets
12,10/12/18,Daniel Gadher,Two companies soon to control one fifth of global content spend
13,5/12/18,Richard Broughton,SportsPro OTT Summit 2018 round-up
14,4/12/18,Orina Zhao,Rapid expansion and even higher growth potential in China’s SVoD market
15,28/11/18,Richard Cooper,Developing theatrical markets to become more dominant
16,21/11/18,Richard Broughton,SVoD and the silver screen
17,9/11/18,Isaq Chowdhury,Viacom to feed rather than fight SVoD services
18,1/11/18,Elinor Clark,High price of Netflix does nothing to dampen Danish SVoD growth
19,31/10/18,Ed Border,Mixed message for advertising future
20,28/11/18,Richard Cooper,Developing theatrical markets to become more dominant
21,21/11/18,Richard Broughton,SVoD and the silver screen
22,9/11/18,Isaq Chowdhury,Viacom to feed rather than fight SVoD services
23,1/11/18,Elinor Clark,High price of Netflix does nothing to dampen Danish SVoD growth
24,31/10/18,Ed Border,Mixed message for advertising future
25,26/10/18,Alexios Dimitropoulos,Sports streaming goes global
26,24/10/18,Hannah Walsh,SVoD-only homes exceed pay TV-only homes for first time
27,17/10/18,Lottie Towler,TV Binge-watching increasingly pronounced in mature SVOD markets
28,9/10/18,Richard Broughton,Interview: Twitter
29,5/10/18,Hazel  Ford,The sacking of Italy’s mobile networks: Iliad entrance likely to drop market value
30,3/10/18,Toby  Holleran,Is Sky the limit for Comcast? 
31,27/09/18,Richard Broughton,US Movie Audiences
32,19/09/18,Alexios Dimitropoulos,Fickle Fans: The World Cup effect
33,19/09/18,Alex Varatharajah,Euro content bonanza: SVoD giants face adding hundreds of titles to meet EU quotas
34,7/09/18,Fred Black,Netflix and Amazon's original drama strategy evolves
35,5/09/18,Henry Beckwith,Older Americans and younger Brits struggle to find TV to watch
36,29/08/18,Sarah Fisher,eSports gain in popularity as German broadcasters ramp up coverage
37,22/08/18,Daniel Gadher,Netflix and Amazon close content spending gap with top US broadcasters
38,15/08/18,Ed Border,Flow of content on UK SVoD shows evolving deal structure
39,14/08/18,Toby  Holleran,Comcast and Amazon: reducing churn with an SVoD stack?
40,9/08/18,Guy Bisson,Netflix's own Free Cash Flow drama has a $2 solution
41,30/07/18,Isaq Chowdhury,Netflix seeks diversity in international comedy
42,24/07/18,Ed Border,Local content: how channel localization varies significantly across markets
43,17/07/18,Hannah Walsh,Full stream ahead: how SVoD services are changing to meet consumer demand
44,10/07/18,Alex Varatharajah,Box office battleground: US SVoD majors vs. premium streamers
45,3/07/18,Alexios Dimitropoulos,OTT moves on the big leagues – DAZN's Serie A bid for glory
46,28/06/18,Richard Cooper,Amazon Prime is the USA’s SVoD TV Show market leader
47,18/06/18,Olivia Deane,Netflix Latin anime move driven by local demand
48,13/06/18,Alexios Dimitropoulos,EU big five football league values now closely aligned
49,1/06/18,Isaq Chowdhury,A quarter of digital retail titles discounted a year after release
50,30/05/18,Alex Varatharajah,"More content families, with the family content on Disney Life"
51,25/05/18,Bilal Hussain,Triple-play begins to take off in Turkey
52,22/05/18,Sarah Fisher,Smart TV overtakes mobile for weekly viewing among Millennials
53,17/05/18,Daniel Gadher,SVoD is disrupting the film industry but not necessarily cinema
54,9/05/18,Hamish McGregor,Public TV broadcasters holding strong in Western Europe
55,1/05/18,Guy Bisson,Kids' TV increasingly gender-neutral as commissioning reflects social zeitgeist
56,24/04/18,Tony Maroulis,Netflix is finally managing to buy more global content
57,19/04/18,Ed Border,Amazon Channels in numbers
58,10/04/18,Hannah Walsh,TV Everywhere vs. SVoD
59,4/04/18,Lottie Towler,The best things in life are free (TV)
60,27/03/18,Alexios Dimitropoulos,US market offering a good start for F1’s race to go direct
61,19/03/18,Richard Cooper,UK EST TV seasons favour older comedy and more recent documentaries 
62,14/03/18,Daniel Gadher,SVoD services - from complementary to competitive
63,7/03/18,Tony Maroulis,The state of cable: three different trends in three different business lines
64,7/03/18,Silvia Presello,Sweden's hidden cord-cutters...
65,1/03/18,Alex Varatharajah,US SVoD Observed Licensing Periods
66,22/02/18,Toby  Holleran,OSN: Orbit Showtime Net...flix?
67,15/02/18,Sarah Fisher,Apple expands into the growing smart-speaker market
68,7/02/18,Toby  Holleran,Regular smartphone video viewers could be a smart target for a subscription sports service
69,31/01/18,Ed Border,Refresh rates crucial for SVoD platforms in mature markets 
70,24/01/18,Richard Broughton,The slow but steady march towards quad-play
71,10/01/18,Hamish McGregor,Classic Christmas films still holding strong
72,8/01/18,Alexios Dimitropoulos,Profiling Sports Fans
73,2/01/18,Guy Bisson,Quality street: kids' TV content on UK SVoD
74,20/12/17,Hannah Walsh,What does the Disney-Fox deal mean for the future of SVoD?
75,13/12/17,Silvia Presello,Facebook's drive to monetise users in Europe
76,6/12/17,Alex Varatharajah,Is there enough quality locally produced content to meet the EU's Quota?
77,29/11/17,Tony Maroulis,Mobile video - have the stars finally aligned?
78,22/11/17,Lottie Towler,Cutting the cord on Pay TV in the US
79,17/11/17,Richard Cooper,Early retail discounts far from uncommon among new-release movie titles
80,11/11/17,Richard Broughton,Australia: SVoD investments drive local success
81,9/11/17,Sarah Fisher,Amazon's growing hardware ecosystem
82,1/11/17,Richard Broughton,On-demand and the shrinking window
83,26/10/17,Toby  Holleran,MENA: SVoD services and local originals
84,19/10/17,Richard Broughton,The New World Leaders: Out with the old
85,11/10/17,Lottie Towler,Netflix raises prices to help support originals investments
86,4/10/17,Silvia Presello,Behind Brazilian pay TV and subscription OTT trends
87,27/09/17,Guy Bisson,Netflix ramps up original local content push
88,21/09/17,Alexios Dimitropoulos,Netflix and... Thrill?
89,12/09/17,Julien Theys,Apple states its vision for the iPhone's next 10 years
90,6/09/17,Ed Border,SVoD players turn to Japan
91,30/08/17,Keiran Suchak,Seasonal changes in the genres of box office releases
92,24/08/17,Richard Broughton,Script Savvy - is a scripted TV demographic skew aiding SVoD?
93,11/08/17,Alex Varatharajah,Hoo-ray! Blu-ray here to-stay!
94,10/08/17,Guy Bisson,Channels in strong negotiating position for US streaming pay TV?
95,3/08/17,Toby  Holleran,eSports: An investment game
96,2/08/17,Richard Cooper,Windowing strategies: The devil is in the detail
97,27/07/17,Richard Broughton,Spot the difference - cable and telco revenue mixes converge
98,20/07/17,Keiran Suchak,Leapfrogging Viacom? Discovery Eyes Scripps Buy
99,20/07/17,Alexios Dimitropoulos,Zero-rating will be pivotal for SVoD services in mobile-first markets
100,10/07/17,Hamish McGregor,"Keep it Original: The drive for ""Original"" and ""Exclusive"" SVoD content"
101,5/07/17,Richard Broughton,Netflix Originals - Making the cut
102,4/07/17,Toby  Holleran,AMC Premiere: AMC's premium channel play?
103,29/06/17,Sarah Fisher,Vice Media raises $450 million for video expansion
104,21/06/17,Keiran Suchak,Sports key for Western European and North American channels
105,14/06/17,Toby  Holleran,VMSO on the horizon for Verizon
106,8/06/17,Alex Varatharajah,Flexible bundling retains TV season value
107,2/06/17,Guy Bisson,ANGACOM: Content comes back to cable?
108,1/06/17,Daniel Gadher,Can't see the Acorns for the trees? Amazon's Channels initiative helps niche SVoD visibility
109,24/05/17,Guy Bisson,Content access pushes SVoD to substitution role
110,17/05/17,Toby  Holleran,CBS SVoD bundle? It's Showtime
111,11/05/17,Tony Maroulis,Mobile Motivations: Price and data reign supreme
112,4/05/17,Richard Broughton,Facebook closes the gap on Google
113,27/04/17,Silvia Presello,Facebook closes the gap on TV advertising
114,19/04/17,Ed Border,Closing windows - the blackout of rental VOD content
115,10/04/17,Guy Bisson,MIP TV round-up: the drama 'bubble' that just won't burst
116,10/04/17,Richard Broughton,Forget cord-cutting and focus on doubling-up
117,4/04/17,Guy Bisson,The cycle of life reflected in devices
118,4/04/17,Richard Broughton,Deutsche Telekom's StreamOn a template for supporting uncapped mobile video
119,30/03/17,Olivia Vernall,Snapchat enjoys success beyond Millennials in Saudi Arabia
120,22/03/17,Hamish McGregor,Less is more: The changing landscape of the SVoD market
121,15/03/17,Toby  Holleran,Mobile will be key to Netflix and Amazon's Indian success 
122,9/03/17,Daniel Gadher,Ballon d'More: How much longer can sports rights values continue to inflate?
123,1/03/17,Silvia Presello,"IPTV drives pay TV growth in Portugal, France, Spain"
124,27/02/17,Alexios Dimitropoulos,Social Media platforms are yet to be content with media content
125,22/02/17,Richard Broughton,Window pains: How the subscription window affects title performance
126,16/02/17,Toby  Holleran,BBC: British Binge-watching Corporation?
127,15/02/17,Keiran Suchak,How the price of Transactional Video-on-Demand content declines
128,8/02/17,Alex Varatharajah,"Not the market toy manufacturers deserve, but the one it needs right now "
129,2/02/17,Richard Broughton,Video crucial component in halting decline of mobile contract value
130,26/01/17,Guy Bisson,Content and OTT key to Sky's future growth 
131,25/01/17,Keiran Suchak,New-title halo effect: quantifying the boost to older franchise movies
132,19/01/17,Alex Varatharajah,It's Official: Die Hard is a Christmas film
133,9/01/17,Julien Theys,The French VoD paradox
134,3/01/17,Guy Bisson,Social media video platforms driving viewing screen shift
135,22/12/16,Keiran Suchak,The effects of currency devaluation in Fox's purchase of Sky
136,14/12/16,Ed Border,BritBox - The market for British TV shows on US SVoD
137,5/12/16,Julien Theys,Premier League international rights: have we peaked yet?
138,28/11/16,Toby  Holleran,Time Warner acquisition to drive domestic AT&T subscriptions to more than 200m by end 2017
139,25/11/16,Richard Broughton,How much is an hour of TV viewing worth?
140,22/11/16,Guy Bisson,Snapchat and Instagram lead change in content preference 
141,11/11/16,Richard Broughton,Are millennials moving the goalposts for premium sports? 
142,11/11/16,Tony Maroulis,Iliad's Italian odyssey
143,4/11/16,Peter White,Vudu launches free movie streaming service
144,2/11/16,Richard Broughton,Is the biggest threat to US media group growth the dollar?
145,28/10/16,Silvia Presello,Two months on - what Mediaset can do to turn the tables 
146,21/10/16,Olivia Vernall,Netflix and China
147,14/10/16,Ed Border,28 weeks later: EST and VoD prices stabilise 6 months after release
148,4/10/16,Daniel Gadher,Disneyfying Netflix
149,30/09/16,Toby  Holleran,Nearly two thirds of Netflix content is TV shows
150,21/09/16,Toby  Holleran,Netflix could hit 50% original content within five years
151,6/09/16,Alex Varatharajah,Consumer preference vs content catalogues: Are SVoD services meeting subscriber needs
152,21/08/16,Richard Broughton,Vevo seeking $0.5bn - could be highest value MCN deal yet
153,18/08/16,Richard Broughton,MCN valuation trend reflects maturing business
154,11/08/16,Toby  Holleran,"Non TV-licence payers to lose access to nearly 4,000 hours of BBC content on iPlayer"
155,1/08/16,Guy Bisson,Kids' YouTube content getting more 'TV like'
156,28/07/16,Cassandra Chua,A Premium on UHD
157,21/07/16,Ed Border,Netflix expanding European catalogues six months on from global launch
158,15/07/16,Daniel Gadher,HBO and Netflix lead the way in 2016 Emmy TV series nominations. 
159,13/07/16,Silvia Presello,European high speed broadband: far from Asia
160,7/07/16,Tony Maroulis,"Twitter pushes for live sports video, Apple patents method to protect rights from consumer-led streaming"
161,24/06/16,Guy Bisson,EU referendum result could have stark consequences for UK media
162,16/06/16,Guy Bisson,Sky Movies re-brand hints at expansion plans
163,10/06/16,Guy Bisson,ANGACOM 2016 reflects key cable challenges
164,10/06/16,Daniel Gadher,Bundesliga domestic TV rights top €1bn for the first time
165,8/06/16,Richard Broughton,"Amazon Prime driving Amazon's retail growth, permits content subsidisation"
166,1/06/16,Richard Broughton,28 weeks later: Retail price decay begins
167,17/05/16,Toby  Holleran,Netflix and Amazon could be unaffected by 20% European content quota
168,4/05/16,Richard Broughton,Now TV kids pass launch reflects customer household composition
169,3/05/16,Cassandra Chua,SVoD Catalogue Quality: Less is More
170,20/04/16,Toby  Holleran,"Netflix Q1 additions impress, but its Q2 projections may be too pessimistic"
171,6/04/16,Richard Broughton,AwesomenessTV: The bet that paid off for Dreamworks
172,24/03/16,Toby  Holleran,Proposal to end UK line rental for broadband puts £4bn at stake
173,23/03/16,Guy Bisson,The entertainment-brand power list
174,2/03/16,Richard Broughton,The best cable bundlers
175,11/02/16,Guy Bisson,The Content Connoisseur Conundrum: Targeting the new TV consumer
176,10/02/16,Ed Aked,TalkTalk's loss is the market's gain: the impact of a large-scale cyber attack on the UK xDSL broadband market   
177,28/01/16,Daniel Gadher,The importance of video to Spotify
178,25/01/16,Guy Bisson,Global cord-cutting on upward trend despite Q3 fall in number of markets affected
179,22/01/16,Ed Border,Home is where the hearts are
180,15/01/16,Ed Aked,A focus on TV sports rights
181,23/12/15,Ed Border,"Star Wars: ""The Force"" awakens downloads of previous episodes"
182,3/12/15,Daniel Gadher,Start-ups hold key to Sky’s future: How the pay TV group’s recent strategy shows where it’s heading next
183,25/11/15,Richard Broughton,Why Disney Life is launching in the UK
184,18/11/15,Daniel Gadher,Sky launches new Q platform with whole-home the target
185,9/11/15,Daniel Gadher,"Less bad is good: AT&T ‘disappears’ 700,000 customers, masking slight improvement in US cord-cutting carnage"
186,2/11/15,Daniel Gadher,Altice in Wonderland: A new player joins the pay TV global elite
187,28/10/15,Andrada Focsa,"Action, Adventure & Thrillers the most torrented movie genres of 2015"
188,22/10/15,Richard Broughton,Rome Film Festival Roundup
189,16/10/15,Guy Bisson,Cord-cutting hits 23 markets in Q2 2015
190,14/10/15,Guy Bisson,Preview: PIKE 42nd International Conference & Exhibition
191,5/10/15,Guy Bisson,Drama key in top markets for TV content licensing to SVoD
192,2/10/15,Guy Bisson,"Germany, UK lead Europe in kids' content SVOD licensing, LatinAm emerging as key"
193,24/09/15,Ed Aked,SVoD global content spend forecast
194,18/09/15,Ed Border,IBC Special: Key take-outs
195,10/09/15,Ed Border,IBC Special: 3 Key Questions
196,4/09/15,Guy Bisson,CTAM Eurosummit 2015 round up
197,3/09/15,Guy Bisson,Pay TV to overtake fixed telephony in Middle East & Africa
198,26/08/15,Richard Broughton,European Public TV income now in steady decline
199,21/08/15,Guy Bisson,What SVOD homes want: segmenting the next-gen TV home
200,17/08/15,Ed Border,Digital Retail Movies: The Right Price to Pay
201,7/08/15,Guy Bisson,SVOD homes more likely to churn from all service providers
202,30/07/15,Daniel Gadher,OTT tipping points in Western Europe
203,27/07/15,Guy Bisson,Re-inventing the cash cow: A decade of ITV investment
204,21/07/15,Richard Broughton,Subscription OTT services outpace pay TV in Europe
205,17/07/15,Guy Bisson,BT launches first UK Ultra-HD sports channel: we compare UHD ownership among premium customers
206,15/07/15,Richard Broughton,Three quarters of Netflix net additions now from 'International'
207,7/07/15,Richard Broughton,Multi-Channel Networks: Valuations tightly linked to viewership
208,2/07/15,Guy Bisson,TV ownership in decline?
209,29/06/15,Daniel Gadher,Why the Hulu-Showtime deal makes sense
210,26/06/15,Richard Broughton,"Orange's Jazztel bid accepted, will nearly double fixed market share"
211,24/06/15,Richard Broughton,Talk Talk highlights ongoing struggle to monetise superfast broadband
212,23/06/15,Richard Broughton,Facebook's growing video user base
213,22/06/15,Richard Broughton,Facebook vs YouTube: Online Video Break Point
214,18/06/15,Richard Broughton,Vodafone launches fixed ISP play in UK – who’s most at risk?
215,18/06/15,Guy Bisson,SVOD with traditional pay TV now the must-have combination in US
216,18/06/15,Guy Bisson,Smart TV beats PC for those viewing online video daily 
217,18/06/15,Guy Bisson,Video: Guy Bisson discusses carriage fees for incumbent broadcasters at NEM 2015
218,18/06/15,Ed Border,Online HD movie retail price premium
219,17/06/15,Richard Broughton,Free-to-air broadcasters face an increasingly serious existential threat from online video 
220,17/06/15,Guy Bisson,A peek inside the UK connected home shows a change is just around the corner
